{
  "$schema": "https://schema.management.azure.com/schemas/2019-04-01/deploymentTemplate.json#",
  "contentVersion": "1.0.0.0",
  "parameters": {
    "dns1": { "type": "string" },
    "dns2": { "type": "string" },
    "gatewayPrefix": { "type": "string" },
    "privatePrefix": { "type": "string" },
    "publicPrefix": { "type": "string" },
    "reservedPrefix": { "type": "string" },   
    "vnetPrefix": { "type": "string" },
    "tagValues": {
      "type": "object",
      "defaultValue": {
        "Adobe.ArchPath": "DPAAS.DataLake",
        "Adobe.CostCenter": "104013",
        "Adobe.DataClassification": "Confidential",
        "Adobe.Environment": "Stage",
        "Adobe.Owner": "DataMart",
        "Adobe.PCIData": "false",
        "Adobe.SKMSServiceId": "317181",
        "emissary": "trusted"
      }
    }
  },
  "variables": {
    "apiVersionNetwork": "2019-11-01"
  },
  "resources": [
    {
      "apiVersion": "[variables('apiVersionNetwork')]",
      "type": "Microsoft.Network/networkSecurityGroups",
      "name": "[concat(toLower(resourceGroup().name), '-nsg-1')]",
      "location": "[resourceGroup().location]",
      "tags":  "[parameters('tagValues')]",          
      "properties": {
        "securityRules": [
          {
            "name": "RDP_Crop",
            "properties": {
              "description": "Allow RDP",
              "protocol": "RDP",
              "sourcePortRange": "*",
              "destinationPortRange": "3389",
              "sourceAddressPrefix": "*",
              "destinationAddressPrefix": "*",
              "access": "Allow",
              "priority": 1000,
              "direction": "Inbound"
            }
          },
          {
            "name": "Port_443",
            "properties": {
              "protocol": "Tcp",
              "sourcePortRange": "*",
              "destinationPortRange": "443",
              "sourceAddressPrefix": "*",
              "destinationAddressPrefix": "*",
              "access": "Allow",
              "priority": 1002,
              "direction": "Outbound"
            }
          },
          {
            "name": "Port_5671-5672",
            "properties": {
              "protocol": "Tcp",
              "sourcePortRange": "*",
              "destinationPortRange": "5671-5672",
              "sourceAddressPrefix": "*",
              "destinationAddressPrefix": "*",
              "access": "Allow",
              "priority": 1100,
              "direction": "Outbound"
            }
          },
          {
            "name": "Port_9350-9354",
            "properties": {
              "protocol": "Tcp",
              "sourcePortRange": "*",
              "destinationPortRange": "9350-9354",
              "sourceAddressPrefix": "*",
              "destinationAddressPrefix": "*",
              "access": "Allow",
              "priority": 1200,
              "direction": "Outbound"
            }
          }
        ]
      }
    },
    {
      "apiVersion": "[variables('apiVersionNetwork')]",
      "type": "Microsoft.Network/networkSecurityGroups",
      "name": "[concat(toLower(resourceGroup().name), '-nsg-gateway')]",
      "location": "[resourceGroup().location]",
      "tags":  "[parameters('tagValues')]",
      "properties": {
        "securityRules": [
           {
            "name": "RDP_Crop",
            "properties": {
            "description": "description",
            "protocol": "Tcp",
            "sourcePortRange": "*",
            "destinationPortRange": "3389",
            "sourceAddressPrefix": "*",
            "destinationAddressPrefix": "*",
            "access": "Allow",
            "priority": 1002,
            "direction": "Inbound"
            }
          }
        ]
      }
    },
    { 
      "apiVersion": "[variables('apiVersionNetwork')]",
      "type": "Microsoft.Network/networkSecurityGroups",
      "name": "[concat(toLower(resourceGroup().name), '-nsg-private')]",
      "location": "[resourceGroup().location]",
      "tags":  "[parameters('tagValues')]",          
      "properties": {
        "securityRules": [
          {
            "name": "RDP_Crop",
            "properties": {
            "description": "description",
            "protocol": "Tcp",
            "sourcePortRange": "*",
            "destinationPortRange": "3389",
            "sourceAddressPrefix": "*",
            "destinationAddressPrefix": "*",
            "access": "Allow",
            "priority": 1002,
            "direction": "Inbound"
            }
          }
        ]
      }
    },
    { 
      "apiVersion": "[variables('apiVersionNetwork')]",
      "type": "Microsoft.Network/networkSecurityGroups",
      "name": "[concat(toLower(resourceGroup().name), '-nsg-public')]",
      "location": "[resourceGroup().location]",
      "tags":  "[parameters('tagValues')]", 
      "properties": {
        "securityRules": [
          {
            "name": "RDP_Crop",
            "properties": {
            "description": "description",
            "protocol": "Tcp",
            "sourcePortRange": "*",
            "destinationPortRange": "3389",
            "sourceAddressPrefix": "*",
            "destinationAddressPrefix": "*",
            "access": "Allow",
            "priority": 1002,
            "direction": "Inbound"
            }
          }
        ]
      }
    },
    { 
      "apiVersion": "[variables('apiVersionNetwork')]",
      "type": "Microsoft.Network/networkSecurityGroups",
      "name": "[concat(toLower(resourceGroup().name), '-nsg-reserved')]",
      "location": "[resourceGroup().location]",
      "tags":  "[parameters('tagValues')]", 
      "properties": {
        "securityRules": [
          {
            "name": "RDP_Crop",
            "properties": {
            "description": "description",
            "protocol": "Tcp",
            "sourcePortRange": "*",
            "destinationPortRange": "3389",
            "sourceAddressPrefix": "*",
            "destinationAddressPrefix": "*",
            "access": "Allow",
            "priority": 1002,
            "direction": "Inbound"
            }
          }
        ]
      }
    },
    { 
      "apiVersion": "[variables('apiVersionNetwork')]",
      "type": "Microsoft.Network/routeTables",
      "name": "[concat(toLower(resourceGroup().name), '-rt-gateway')]",
      "location": "[resourceGroup().location]",
      "tags":  "[parameters('tagValues')]", 
      "properties": {}
    },
    { 
      "apiVersion": "[variables('apiVersionNetwork')]",
      "type": "Microsoft.Network/routeTables",
      "name": "[concat(toLower(resourceGroup().name), '-rt-private')]",
      "location": "[resourceGroup().location]",
      "tags":  "[parameters('tagValues')]", 
      "properties": {}
    },
    { 
      "apiVersion": "[variables('apiVersionNetwork')]",
      "type": "Microsoft.Network/routeTables",
      "name": "[concat(toLower(resourceGroup().name), '-rt-public')]",
      "location": "[resourceGroup().location]",
      "tags":  "[parameters('tagValues')]", 
      "properties": {}
    },
    { 
      "apiVersion": "[variables('apiVersionNetwork')]",
      "type": "Microsoft.Network/routeTables",
      "name": "[concat(toLower(resourceGroup().name), '-rt-reserved')]",
      "location": "[resourceGroup().location]",
      "tags":  "[parameters('tagValues')]", 
      "properties": {}
    },
    {
      "apiVersion": "[variables('apiVersionNetwork')]",
      "type": "Microsoft.Network/natGateways",
      "name": "[concat(toLower(resourceGroup().name), '-natgw')]",
      "location": "[resourceGroup().location]",
      "sku": { "name": "Standard" },
      "dependsOn": [ "[concat('Microsoft.Network/publicIPAddresses/', toLower(resourceGroup().name), '-ip-natgw')]" ],
      "properties": {
        "idleTimeoutInMinutes": 4,
        "publicIpAddresses": [ { "id": "[resourceId('Microsoft.Network/publicIPAddresses', concat(toLower(resourceGroup().name), '-ip-natgw'))]" } ]
      }
    },
    {
      "apiVersion": "[variables('apiVersionNetwork')]",
      "type": "Microsoft.Network/virtualNetworks",
      "name": "[concat(toLower(resourceGroup().name), '-vnet')]",
      "location": "[resourceGroup().location]",
      "tags":  "[parameters('tagValues')]", 
      "dependsOn": [
        "[concat('Microsoft.Network/natGateways/', toLower(resourceGroup().name), '-natgw')]",
        "[concat('Microsoft.Network/networkSecurityGroups/', toLower(resourceGroup().name), '-nsg-cdp')]",
        "[concat('Microsoft.Network/networkSecurityGroups/', toLower(resourceGroup().name), '-nsg-gateway')]",
        "[concat('Microsoft.Network/networkSecurityGroups/', toLower(resourceGroup().name), '-nsg-private')]",
        "[concat('Microsoft.Network/networkSecurityGroups/', toLower(resourceGroup().name), '-nsg-public')]",
        "[concat('Microsoft.Network/networkSecurityGroups/', toLower(resourceGroup().name), '-nsg-reserved')]",
        "[concat('Microsoft.Network/routeTables/', toLower(resourceGroup().name), '-rt-cdp')]",
        "[concat('Microsoft.Network/routeTables/', toLower(resourceGroup().name), '-rt-gateway')]",
        "[concat('Microsoft.Network/routeTables/', toLower(resourceGroup().name), '-rt-private')]",
        "[concat('Microsoft.Network/routeTables/', toLower(resourceGroup().name), '-rt-public')]",
        "[concat('Microsoft.Network/routeTables/', toLower(resourceGroup().name), '-rt-reserved')]"
      ],
      "properties": {
        "addressSpace": { "addressPrefixes": [ "[parameters('vnetPrefix')]" ] },
        "dhcpOptions": {
          "dnsServers": [ "[parameters('dns1')]", "[parameters('dns2')]" ]
        },
        "subnets": [
          {
            "name": "[concat(toLower(resourceGroup().name), '-gateway')]",
            "properties": {
              "addressPrefix": "[parameters('gatewayPrefix')]",
              "networkSecurityGroup": { "id": "[resourceId('Microsoft.Network/networkSecurityGroups', concat(toLower(resourceGroup().name), '-nsg-gateway'))]" },
              "routeTable": { "id": "[resourceId('Microsoft.Network/routeTables', concat(toLower(resourceGroup().name), '-rt-gateway'))]" },
              "serviceEndpoints": [
                {
                  "service": "Microsoft.Storage",
                  "locations": [ "[resourceGroup().location]" ]
                }
              ]
            }
          },
          {
            "name": "[concat(toLower(resourceGroup().name), '-private')]",
            "properties": {
              "addressPrefix": "[parameters('privatePrefix')]",
              "networkSecurityGroup": { "id": "[resourceId('Microsoft.Network/networkSecurityGroups', concat(toLower(resourceGroup().name), '-nsg-private'))]" },
              "routeTable": { "id": "[resourceId('Microsoft.Network/routeTables', concat(toLower(resourceGroup().name), '-rt-private'))]" },
              "serviceEndpoints": [
                {
                  "service": "Microsoft.Storage",
                  "locations": [ "[resourceGroup().location]" ]
                }
              ]
            }
          },
          {
           "name": "[concat(toLower(resourceGroup().name), '-public')]",
           "properties": {
             "addressPrefix": "[parameters('publicPrefix')]",
             "networkSecurityGroup": { "id": "[resourceId('Microsoft.Network/networkSecurityGroups', concat(toLower(resourceGroup().name), '-nsg-public'))]" },
             "routeTable": { "id": "[resourceId('Microsoft.Network/routeTables', concat(toLower(resourceGroup().name), '-rt-public'))]" },
             "serviceEndpoints": [
               {
                 "service": "Microsoft.Storage",
                 "locations": [ "[resourceGroup().location]" ]
               }
             ]
           }
          },
          {
            "name": "[concat(toLower(resourceGroup().name), '-reserved')]",
            "properties": {
              "addressPrefix": "[parameters('reservedPrefix')]",
              "networkSecurityGroup": { "id": "[resourceId('Microsoft.Network/networkSecurityGroups', concat(toLower(resourceGroup().name), '-nsg-reserved'))]" },
              "routeTable": { "id": "[resourceId('Microsoft.Network/routeTables', concat(toLower(resourceGroup().name), '-rt-reserved'))]" },
              "serviceEndpoints": [
                {
                  "service": "Microsoft.Storage",
                  "locations": [ "[resourceGroup().location]" ]
                }
              ]
            }
          }
        ]
      }
    }
    // {
    //   "apiVersion": "[variables('apiVersionNetwork')]",
    //   "type": "Microsoft.Network/dnszones",
    //   "name": "[concat(string(first(split(toLower(resourceGroup().name), '-'))), '.adobeitc.com')]",
    //   "location": "global",
    //   "properties": {}
    // }

  ]
}
