{
  "$schema": "https://schema.management.azure.com/schemas/2019-04-01/deploymentParameters.json#",
  "contentVersion": "1.0.0.0",
  "parameters": {
        "dns1": {"value": "10.240.192.150"},
        "dns2": {"value": "10.240.192.151"},
        "gatewayPrefix": {"value": "10.216.67.16/26"},
        "privatePrefix": {"value": "10.216.67.8/26"},
        "publicPrefix": {"value": "10.243.8.0/26"},
        "reservedPrefix": {"value": "10.216.67.128/26"},
        "tagArchPath": {"value": "DPAAS.DataLake"},
        "tagCostCenter": {"value": "104013"},
        "tagDataClassification": {"value": "Confidential"},
        "tagEmissary": {"value": "trusted"},
        "tagEnvironment": {"value": "Stage"},
        "tagOwner": {"value": "DataMart"},
        "tagPCIData": {"value": "false"},
        "tagSKMSServiceId": {"value": "317181"},
        "vnetPrefix": {"value": "10.216.67.0/24"}
      }
    }
  }
}