{
    "$schema": "https://schema.management.azure.com/schemas/2019-04-01/deploymentTemplate.json#",
    "contentVersion": "1.0.0.0",
    "parameters": {
        "tagValues": {
            "type": "object",
            "defaultValue": {
                "Adobe.ArchPath": "DPAAS.DataLake",
                "Adobe.CostCenter": "104013",
                "Adobe.DataClassification": "Confidential",
                "Adobe.Environment": "Stage",
                "Adobe.Owner": "DataMart",
                "Adobe.PCIData": "false",
                "Adobe.SKMSServiceId": "317181",
                "emissary": "trusted"
            }
        },
        "vnetPrefix": { "type": "string" },
        "AMISource": { "type": "string" },
        "vmSize": { "type": "string" }
    },
    "variables": {
    },
    "resources": [
        {
            "name": "[concat(toLower(resourceGroup().name), '-storage-vm1')]",
            "type": "Microsoft.Storage/storageAccounts",
            "apiVersion": "2019-06-01",
            "location": "[resourceGroup().location]",
            "tags": "[parameters('tagValues')]",
            "sku": {
                "name": "Standard_ZRS"
            },
            "kind": "Storage"
        },
        {
            "name": "[concat(toLower(resourceGroup().name), '-publicip')]",
            "type": "Microsoft.Network/publicIPAddresses",
            "apiVersion": "2019-11-01",
            "location": "[resourceGroup().location]",
            "tags": "[parameters('tagValues')]",
            "properties": {
                "publicIPAllocationMethod": "Dynamic",
                "dnsSettings": {
                    "domainNameLabel": "[concat(toLower(resourceGroup().name),'-vm-1')]"
                }
            }
        },
        {
            "name": "[concat(toLower(resourceGroup().name), '-nsg')]",
            "type": "Microsoft.Network/networkSecurityGroups",
            "apiVersion": "2018-08-01",
            "location": "[resourceGroup().location]",
            "properties": {
                "securityRules": [
                    {
                        "name": "RDP_Crop",
                        "properties": {
                            "description": "description",
                            "protocol": "Tcp",
                            "sourcePortRange": "*",
                            "destinationPortRange": "3389",
                            "sourceAddressPrefix": "*",
                            "destinationAddressPrefix": "*",
                            "access": "Allow",
                            "priority": 1002,
                            "direction": "Inbound"
                        }
                    }
                ]
            }
        },
        {
            "name": "[concat(toLower(resourceGroup().name), '-vnet')]",
            "type": "Microsoft.Network/virtualNetworks",
            "apiVersion": "2019-11-01",
            "location": "[resourceGroup().location]",
            "dependsOn": [
                "[resourceId('Microsoft.Network/networkSecurityGroups', concat(toLower(resourceGroup().name), '-nsg'))]"
            ],
            "tags": "[parameters('tagValues')]",
            "properties": {
                "addressSpace": {
                    "addressPrefixes": [
                        "[parameters('vnetPrefix')]"
                    ]
                },
                "subnets": [
                    {
                        "name": "[concat(toLower(resourceGroup().name), '-subnet')]",
                        "properties": {
                            "addressPrefix": "10.216.67.0/24",
                            "networkSecurityGroup": {
                                "id": "[resourceId('Microsoft.Network/networkSecurityGroups', concat(toLower(resourceGroup().name), '-nsg'))]"
                            }
                        }
                    }
                ]
            }
        },
        {
            "name": "[concat(toLower(resourceGroup().name), '-publicip')]",
            "type": "Microsoft.Network/networkInterfaces",
            "apiVersion": "2019-11-01",
            "location": "[resourceGroup().location]",
            "dependsOn": [
                "[resourceId('Microsoft.Network/publicIPAddresses',concat(toLower(resourceGroup().name), '-public-1'))]",
                "[resourceId('Microsoft.Network/virtualNetworks', concat(toLower(resourceGroup().name), '-vnet'))]"
            ],
            "tags": "[parameters('tagValues')]",
            "properties": {
                "ipConfigurations": [
                    {
                        "name": "ipConfig1",
                        "properties": {
                            "privateIPAllocationMethod": "Dynamic",
                            "publicIPAddress": {
                                "id": "[resourceId('Microsoft.Network/publicIPAddresses', concat(toLower(resourceGroup().name), '-public-1'))]"
                            },
                            "subnet": {
                                "id": "[resourceId('Microsoft.Network/virtualNetworks/subnets', concat(toLower(resourceGroup().name), '-vnet'), concat(toLower(resourceGroup().name), '-subnet'))]"
                            }
                        }
                    }
                ]
            }
        },
        {
            "name": "[concat(parameters('resourceGroupBase'),'-vm-1')]",
            "type": "Microsoft.Compute/virtualMachines",
            "apiVersion": "2019-07-01",
            "location": "[resourceGroup().location]",
            "dependsOn": [
                "[resourceId('Microsoft.Storage/storageAccounts', concat(toLower(resourceGroup().name), '-vm-1'))]",
                "[resourceId('Microsoft.Network/networkInterfaces',  concat(toLower(resourceGroup().name), '-nsg'))]"
            ],
            "tags": "[parameters('tagValues')]",
            "properties": {
                "hardwareProfile": {
                    "vmSize": "[parameters('vmSize')]"
                },
                "osProfile": {
                    "computerName": "[concat(parameters('resourceGroupBase'),'-vm-1')]"
                    // "adminUsername": "adminUsername",
                    // "adminPassword": "adminPassword"
                },
                "storageProfile": {
                    "imageReference": {
                        "id": "[parameters('AMISource')]"

                    },
                    "osDisk": {
                        "name": "[concat(parameters('resourceGroupBase'),'-vm-1','OSDisk')]",
                        "caching": "ReadWrite",
                        "createOption": "FromImage"
                    }
                },
                "networkProfile": {
                    "networkInterfaces": [
                        {
                            "id": "[resourceId('Microsoft.Network/networkInterfaces', concat(toLower(resourceGroup().name), '-nsg'))]"
                        }
                    ]
                },
                "diagnosticsProfile": {
                    "bootDiagnostics": {
                        "enabled": true,
                        "storageUri": "[reference(resourceId('Microsoft.Storage/storageAccounts/', toLower(concat(parameters('resourceGroupBase'),'-storage-1')))).primaryEndpoints.blob]"
                    }
                }
            }
        },
        {
            "name": "[concat(toLower(resourceGroup().name),'-vm-2')]",
            "type": "Microsoft.Compute/virtualMachines",
            "apiVersion": "2019-07-01",
            "location": "[resourceGroup().location]",
            "dependsOn": [
                "[resourceId('Microsoft.Storage/storageAccounts', concat(toLower(resourceGroup().name), '-vm-1'))]",
                "[resourceId('Microsoft.Network/networkInterfaces',  concat(toLower(resourceGroup().name), '-nsg'))]"
            ],
            "tags": "[parameters('tagValues')]",
            "properties": {
                "hardwareProfile": {
                    "vmSize": "[parameters('vmSize')]"
                },
                "osProfile": {
                    "computerName": "[concat(toLower(resourceGroup().name),'-vm-2')]"
                    // "adminUsername": "adminUsername",
                    // "adminPassword": "adminPassword"
                },
                "storageProfile": {
                    "imageReference": {
                        "id": "[parameters('AMISource')]"

                    },
                    "osDisk": {
                        "name": "[concat(toLower(resourceGroup().name),'-vm-2','OSDisk')]",
                        "caching": "ReadWrite",
                        "createOption": "FromImage"
                    },
                    "dataDisks": [
                        {
                            "name": "datadisk1",
                            "diskSizeGB": 1023,
                            "lun": 0,
                            "vhd": {
                                 "uri": "[concat(reference(resourceId('Microsoft.Storage/storageAccounts/', ''))).primaryEndpoints.blob, 'vhds/datadisk1.vhd')]"
                                

                            },
                            "createOption": "Empty"
                        }
                    ]
                },
                "networkProfile": {
                    "networkInterfaces": [
                        {
                            "id": "[resourceId('Microsoft.Network/networkInterfaces', concat(toLower(resourceGroup().name), '-nsg'))]"
                        }
                    ]
                },
                "diagnosticsProfile": {
                    "bootDiagnostics": {
                        "enabled": true,
                        "storageUri": "[reference(resourceId('Microsoft.Storage/storageAccounts/', toLower(concat(parameters('resourceGroupBase'),'-storage-1')))).primaryEndpoints.blob]"
                    }
                }
            }
        }
    ]

}
