{
  "$schema": "https://schema.management.azure.com/schemas/2019-04-01/deploymentParameters.json#",
  "contentVersion": "1.0.0.0",
  "parameters": {
    "tagValues": {
      "value": {
        "tagArchPath": {"value": "DPAAS.DataLake"},
        "tagCostCenter": {"value": "104013"},
        "tagDataClassification": {"value": "Confidential"},
        "tagEmissary": {"value": "trusted"},
        "tagEnvironment": {"value": "Stage"},
        "tagOwner": {"value": "DataMart"},
        "tagPCIData": {"value": "false"},
        "tagSKMSServiceId": {"value": "317181"}
      }
    },
    "namePrefix": {
      "value": "Powerbi"
    },
    "RegionPrefix": {
      "value": "va7"
    },
    "accountname": {
      "value": "azr4781"
    },
    "vmSize": {
      "value": "Standard_D2as_v4"
    },
    "server1": {
      "value": "10.216.67.0"
    },
    "AMISource": {
      "value": "/subscriptions/e456c427-7a9e-49ff-a7c8-ced660098138/resourceGroups/ImageFactoryProdShareRG/providers/Microsoft.Compute/galleries/ImageFactoryProdShareGallery/images/img_fact_win_2019"
    }
  }
}
