{
  "$schema": "https://schema.management.azure.com/schemas/2019-04-01/deploymentParameters.json#",
  "contentVersion": "1.0.0.0",
  "parameters": {
    "tagValues": {
      "value": {
        "resourceGroupBase": "azr4781-va7-stage-powerbi-base",
        "Adobe.ArchPath": "DPAAS.DataLake",
        "Adobe.CostCenter": "104013",
        "Adobe.DataClassification": "Confidential",
        "Adobe.Environment": "Stage",
        "Adobe.Owner": "DataMart",
        "Adobe.PCIData": "false",
        "Adobe.SKMSServiceId": "317181",
        "emissary": "trusted"
      }
    },
    "namePrefix": {
      "value": "Powerbi"
    },
    "appDiskId": {
      "value": "*****"
    },
    "RegionPrefix": {
      "value": "va7"
    },
    "accountname": {
      "value": "azr4781"
    },
    "vmSize": {
      "value": "Standard_D2as_v4"
    },
    "resourceGroupBase": {
      "value": "azr4781-va7-stage-powerbi-base"
    },
    "AMISource": {
      "value": "/subscriptions/e456c427-7a9e-49ff-a7c8-ced660098138/resourceGroups/ImageFactoryProdShareRG/providers/Microsoft.Compute/galleries/ImageFactoryProdShareGallery/images/img_fact_win_2019"
    },
    "vnetPrefix": {
      "value": "10.216.67.0"
    }
  }
}