{
    "$schema": "https://schema.management.azure.com/schemas/2019-04-01/deploymentTemplate.json#",
    "contentVersion": "1.0.0.0",
  "parameters": {
    "tagValues": {
      "type": "object",
      "defaultValue": {
        "Adobe.ArchPath": "DPAAS.DataLake",
        "Adobe.CostCenter": "104013",
        "Adobe.DataClassification": "Confidential",
        "Adobe.Environment": "Stage",
        "Adobe.Owner": "DataMart",
        "Adobe.PCIData": "false",
        "Adobe.SKMSServiceId": "317181",
        "emissary": "trusted"
      }
    },
    "dns1": { "type": "string" },
    "dns2": { "type": "string" },
    "privatePrefix": { "type": "string" },
    "gatewayPrefix": { "type": "string" },
    "publicPrefix": { "type": "string" },
    "vnetPrefix": { "type": "string" }
  },
    "variables": {
      "apiVersionStorage": "2019-06-01",
      "shortenResourceGroupName": "[concat(string(first(take(split(toLower(resourceGroup().name), '-'), 2))), string(last(take(split(toLower(resourceGroup().name), '-'), 2))))]"
    },
    "resources": [
      {
        "type": "Microsoft.Storage/storageAccounts",
        "apiVersion": "[variables('apiVersionStorage')]",
        "kind": "StorageV2",
        "name": "[concat(variables('shortenResourceGroupName'), 'standard')]",
        "location": "[resourceGroup().location]",
        "sku": { "name": "Standard_RAGRS" },
        "tags":  "[parameters('tagValues')]",
        "resources": [
          {
            "type": "blobServices/containers",
            "apiVersion": "[variables('apiVersionStorage')]",
            "name": "default/data",
            "dependsOn": [ "[concat(variables('shortenResourceGroupName'), 'standard')]" ]
          },
          {
            "type": "blobServices/containers",
            "apiVersion": "[variables('apiVersionStorage')]",
            "name": "default/provision",
            "dependsOn": [ "[concat(variables('shortenResourceGroupName'), 'standard')]" ]
          },
          {
            "type": "blobServices/containers",
            "apiVersion": "[variables('apiVersionStorage')]",
            "name": "default/scripts",
            "dependsOn": [ "[concat(variables('shortenResourceGroupName'), 'standard')]" ]
          },
          {
            "type": "blobServices/containers",
            "apiVersion": "[variables('apiVersionStorage')]",
            "name": "default/templates",
            "dependsOn": [ "[concat(variables('shortenResourceGroupName'), 'standard')]" ]
          }
        ]
      },
      {
        "type": "Microsoft.Storage/storageAccounts",
        "apiVersion": "[variables('apiVersionStorage')]",
        "kind": "StorageV2",
        "name": "powerbi",
        "location": "[resourceGroup().location]",
        "sku": { "name": "Standard_ZRS" },
       "tags":  "[parameters('tagValues')]",
        "properties": {
          "allowBlobPublicAccess": false,
          "isHnsEnabled": true,
          "networkAcls": {
            "virtualNetworkRules": [
              {
                "id": "[concat('/subscriptions/', subscription().subscriptionId, '/resourceGroups/', parameters('resourceGroup'), '/providers/Microsoft.Network/virtualNetworks/', parameters('resourceGroupBase'), '-vnet', '/subnets/', parameters('resourceGroupBase'), '-app')]",
                "action": "Allow"
              },           
              {
                "id": "[concat('/subscriptions/', subscription().subscriptionId, '/resourceGroups/', parameters('resourceGroupBase'), '/providers/Microsoft.Network/virtualNetworks/', parameters('resourceGroupBase'), '-vnet', '/subnets/', parameters('resourceGroupBase'), '-gateway')]",
                "action": "Allow"
              },
              {
                "id": "[concat('/subscriptions/', subscription().subscriptionId, '/resourceGroups/', parameters('resourceGroupBase'), '/providers/Microsoft.Network/virtualNetworks/', parameters('resourceGroupBase'), '-vnet', '/subnets/', parameters('resourceGroupBase'), '-public')]",
                "action": "Allow"
              }
            ],
            "defaultAction": "Deny"
          }
        },
        "resources": [
          {
            "type": "blobServices/containers",
            "apiVersion": "[variables('apiVersionStorage')]",
            "name": "default/app",
            "dependsOn": [ 
            "[resourceId('Microsoft.Storage/storageAccounts', 'powerbi')]"
            ]
          }
        ]
      },
      {
        "type": "Microsoft.Storage/storageAccounts/fileServices/shares",
        "apiVersion": "[variables('apiVersionStorage')]",
        "name": "powerbi/default/airflow",
        "dependsOn": [ 
          "[resourceId('Microsoft.Storage/storageAccounts', concat(variables('shortenResourceGroupName'), 'standard'))]"
         ]
      }
      

    ]
  }
  